scenario_id,deck_vx,deck_z0,deck_z_amp,deck_z_freq,deck_z_phase,deck_z_peak_to_peak,deck_z_peak_vz,deck_z_period_s,base_wind_x,rel_x0,rel_z0,v_x_rel0,v_z0,theta_deg,q,frequency_hz,direction,subset,cardinality,grid_index,param,entry_success,return_status,failure_mode,search_mode
3,-1.4779131907469836,0.0,0.3967310943755346,0.29302464562064545,4.430684746116719,0.7934621887510692,0.11625198833608187,21.442514822844977,-4.167518823424425,-31.578129069340964,51.062052143841896,0.20622358785868133,-2.178466904306388,80.59207160745413,-0.03920998038747756,40.0,bottom_up,delta,1,,0.0,True,Solve_Succeeded,none,bisection
3,-1.4779131907469836,0.0,0.3967310943755346,0.29302464562064545,4.430684746116719,0.7934621887510692,0.11625198833608187,21.442514822844977,-4.167518823424425,-31.578129069340964,51.062052143841896,0.20622358785868133,-2.178466904306388,80.59207160745413,-0.03920998038747756,40.0,bottom_up,delta+delta_dot,2,,0.0,True,Solve_Succeeded,none,bisection
3,-1.4779131907469836,0.0,0.3967310943755346,0.29302464562064545,4.430684746116719,0.7934621887510692,0.11625198833608187,21.442514822844977,-4.167518823424425,-31.578129069340964,51.062052143841896,0.20622358785868133,-2.178466904306388,80.59207160745413,-0.03920998038747756,40.0,bottom_up,delta_dot,1,,0.0,True,Solve_Succeeded,none,bisection
3,-1.4779131907469836,0.0,0.3967310943755346,0.29302464562064545,4.430684746116719,0.7934621887510692,0.11625198833608187,21.442514822844977,-4.167518823424425,-31.578129069340964,51.062052143841896,0.20622358785868133,-2.178466904306388,80.59207160745413,-0.03920998038747756,40.0,bottom_up,tdot,1,,0.0,True,Solve_Succeeded,none,bisection
3,-1.4779131907469836,0.0,0.3967310943755346,0.29302464562064545,4.430684746116719,0.7934621887510692,0.11625198833608187,21.442514822844977,-4.167518823424425,-31.578129069340964,51.062052143841896,0.20622358785868133,-2.178466904306388,80.59207160745413,-0.03920998038747756,40.0,bottom_up,tdot+delta,2,,0.0,True,Solve_Succeeded,none,bisection
3,-1.4779131907469836,0.0,0.3967310943755346,0.29302464562064545,4.430684746116719,0.7934621887510692,0.11625198833608187,21.442514822844977,-4.167518823424425,-31.578129069340964,51.062052143841896,0.20622358785868133,-2.178466904306388,80.59207160745413,-0.03920998038747756,40.0,bottom_up,tdot+delta+delta_dot,3,,0.0,True,Solve_Succeeded,none,bisection
3,-1.4779131907469836,0.0,0.3967310943755346,0.29302464562064545,4.430684746116719,0.7934621887510692,0.11625198833608187,21.442514822844977,-4.167518823424425,-31.578129069340964,51.062052143841896,0.20622358785868133,-2.178466904306388,80.59207160745413,-0.03920998038747756,40.0,bottom_up,tdot+delta_dot,2,,0.0,True,Solve_Succeeded,none,bisection
3,-1.4779131907469836,0.0,0.3967310943755346,0.29302464562064545,4.430684746116719,0.7934621887510692,0.11625198833608187,21.442514822844977,-4.167518823424425,-31.578129069340964,51.062052143841896,0.20622358785868133,-2.178466904306388,80.59207160745413,-0.03920998038747756,40.0,bottom_up,tw,1,,0.0,True,Solve_Succeeded,none,bisection
3,-1.4779131907469836,0.0,0.3967310943755346,0.29302464562064545,4.430684746116719,0.7934621887510692,0.11625198833608187,21.442514822844977,-4.167518823424425,-31.578129069340964,51.062052143841896,0.20622358785868133,-2.178466904306388,80.59207160745413,-0.03920998038747756,40.0,bottom_up,tw+delta,2,,0.0,True,Solve_Succeeded,none,bisection
3,-1.4779131907469836,0.0,0.3967310943755346,0.29302464562064545,4.430684746116719,0.7934621887510692,0.11625198833608187,21.442514822844977,-4.167518823424425,-31.578129069340964,51.062052143841896,0.20622358785868133,-2.178466904306388,80.59207160745413,-0.03920998038747756,40.0,bottom_up,tw+delta+delta_dot,3,,0.0,True,Solve_Succeeded,none,bisection
3,-1.4779131907469836,0.0,0.3967310943755346,0.29302464562064545,4.430684746116719,0.7934621887510692,0.11625198833608187,21.442514822844977,-4.167518823424425,-31.578129069340964,51.062052143841896,0.20622358785868133,-2.178466904306388,80.59207160745413,-0.03920998038747756,40.0,bottom_up,tw+delta_dot,2,,0.0,True,Solve_Succeeded,none,bisection
3,-1.4779131907469836,0.0,0.3967310943755346,0.29302464562064545,4.430684746116719,0.7934621887510692,0.11625198833608187,21.442514822844977,-4.167518823424425,-31.578129069340964,51.062052143841896,0.20622358785868133,-2.178466904306388,80.59207160745413,-0.03920998038747756,40.0,bottom_up,tw+tdot,2,,0.0,True,Solve_Succeeded,none,bisection
3,-1.4779131907469836,0.0,0.3967310943755346,0.29302464562064545,4.430684746116719,0.7934621887510692,0.11625198833608187,21.442514822844977,-4.167518823424425,-31.578129069340964,51.062052143841896,0.20622358785868133,-2.178466904306388,80.59207160745413,-0.03920998038747756,40.0,bottom_up,tw+tdot+delta,3,,0.0,True,Solve_Succeeded,none,bisection
3,-1.4779131907469836,0.0,0.3967310943755346,0.29302464562064545,4.430684746116719,0.7934621887510692,0.11625198833608187,21.442514822844977,-4.167518823424425,-31.578129069340964,51.062052143841896,0.20622358785868133,-2.178466904306388,80.59207160745413,-0.03920998038747756,40.0,bottom_up,tw+tdot+delta+delta_dot,4,,0.0,True,Solve_Succeeded,none,bisection
3,-1.4779131907469836,0.0,0.3967310943755346,0.29302464562064545,4.430684746116719,0.7934621887510692,0.11625198833608187,21.442514822844977,-4.167518823424425,-31.578129069340964,51.062052143841896,0.20622358785868133,-2.178466904306388,80.59207160745413,-0.03920998038747756,40.0,bottom_up,tw+tdot+delta_dot,3,,0.0,True,Solve_Succeeded,none,bisection
3,-1.4779131907469836,0.0,0.3967310943755346,0.29302464562064545,4.430684746116719,0.7934621887510692,0.11625198833608187,21.442514822844977,-4.167518823424425,-31.578129069340964,51.062052143841896,0.20622358785868133,-2.178466904306388,80.59207160745413,-0.03920998038747756,40.0,top_down,delta,1,,0.0,True,Solve_Succeeded,none,bisection
3,-1.4779131907469836,0.0,0.3967310943755346,0.29302464562064545,4.430684746116719,0.7934621887510692,0.11625198833608187,21.442514822844977,-4.167518823424425,-31.578129069340964,51.062052143841896,0.20622358785868133,-2.178466904306388,80.59207160745413,-0.03920998038747756,40.0,top_down,delta,1,,1.0,True,Solve_Succeeded,none,bisection
3,-1.4779131907469836,0.0,0.3967310943755346,0.29302464562064545,4.430684746116719,0.7934621887510692,0.11625198833608187,21.442514822844977,-4.167518823424425,-31.578129069340964,51.062052143841896,0.20622358785868133,-2.178466904306388,80.59207160745413,-0.03920998038747756,40.0,top_down,delta+delta_dot,2,,0.0,True,Solve_Succeeded,none,bisection
3,-1.4779131907469836,0.0,0.3967310943755346,0.29302464562064545,4.430684746116719,0.7934621887510692,0.11625198833608187,21.442514822844977,-4.167518823424425,-31.578129069340964,51.062052143841896,0.20622358785868133,-2.178466904306388,80.59207160745413,-0.03920998038747756,40.0,top_down,delta+delta_dot,2,,1.0,True,Solve_Succeeded,none,bisection
3,-1.4779131907469836,0.0,0.3967310943755346,0.29302464562064545,4.430684746116719,0.7934621887510692,0.11625198833608187,21.442514822844977,-4.167518823424425,-31.578129069340964,51.062052143841896,0.20622358785868133,-2.178466904306388,80.59207160745413,-0.03920998038747756,40.0,top_down,delta_dot,1,,0.0,True,Solve_Succeeded,none,bisection
3,-1.4779131907469836,0.0,0.3967310943755346,0.29302464562064545,4.430684746116719,0.7934621887510692,0.11625198833608187,21.442514822844977,-4.167518823424425,-31.578129069340964,51.062052143841896,0.20622358785868133,-2.178466904306388,80.59207160745413,-0.03920998038747756,40.0,top_down,delta_dot,1,,1.0,True,Solve_Succeeded,none,bisection
3,-1.4779131907469836,0.0,0.3967310943755346,0.29302464562064545,4.430684746116719,0.7934621887510692,0.11625198833608187,21.442514822844977,-4.167518823424425,-31.578129069340964,51.062052143841896,0.20622358785868133,-2.178466904306388,80.59207160745413,-0.03920998038747756,40.0,top_down,tdot,1,,0.0,True,Solve_Succeeded,none,bisection
3,-1.4779131907469836,0.0,0.3967310943755346,0.29302464562064545,4.430684746116719,0.7934621887510692,0.11625198833608187,21.442514822844977,-4.167518823424425,-31.578129069340964,51.062052143841896,0.20622358785868133,-2.178466904306388,80.59207160745413,-0.03920998038747756,40.0,top_down,tdot,1,,1.0,True,Solve_Succeeded,none,bisection
3,-1.4779131907469836,0.0,0.3967310943755346,0.29302464562064545,4.430684746116719,0.7934621887510692,0.11625198833608187,21.442514822844977,-4.167518823424425,-31.578129069340964,51.062052143841896,0.20622358785868133,-2.178466904306388,80.59207160745413,-0.03920998038747756,40.0,top_down,tdot+delta,2,,0.0,True,Solve_Succeeded,none,bisection
3,-1.4779131907469836,0.0,0.3967310943755346,0.29302464562064545,4.430684746116719,0.7934621887510692,0.11625198833608187,21.442514822844977,-4.167518823424425,-31.578129069340964,51.062052143841896,0.20622358785868133,-2.178466904306388,80.59207160745413,-0.03920998038747756,40.0,top_down,tdot+delta,2,,1.0,True,Solve_Succeeded,none,bisection
3,-1.4779131907469836,0.0,0.3967310943755346,0.29302464562064545,4.430684746116719,0.7934621887510692,0.11625198833608187,21.442514822844977,-4.167518823424425,-31.578129069340964,51.062052143841896,0.20622358785868133,-2.178466904306388,80.59207160745413,-0.03920998038747756,40.0,top_down,tdot+delta+delta_dot,3,,0.0,True,Solve_Succeeded,none,bisection
3,-1.4779131907469836,0.0,0.3967310943755346,0.29302464562064545,4.430684746116719,0.7934621887510692,0.11625198833608187,21.442514822844977,-4.167518823424425,-31.578129069340964,51.062052143841896,0.20622358785868133,-2.178466904306388,80.59207160745413,-0.03920998038747756,40.0,top_down,tdot+delta+delta_dot,3,,1.0,True,Solve_Succeeded,none,bisection
3,-1.4779131907469836,0.0,0.3967310943755346,0.29302464562064545,4.430684746116719,0.7934621887510692,0.11625198833608187,21.442514822844977,-4.167518823424425,-31.578129069340964,51.062052143841896,0.20622358785868133,-2.178466904306388,80.59207160745413,-0.03920998038747756,40.0,top_down,tdot+delta_dot,2,,0.0,True,Solve_Succeeded,none,bisection
3,-1.4779131907469836,0.0,0.3967310943755346,0.29302464562064545,4.430684746116719,0.7934621887510692,0.11625198833608187,21.442514822844977,-4.167518823424425,-31.578129069340964,51.062052143841896,0.20622358785868133,-2.178466904306388,80.59207160745413,-0.03920998038747756,40.0,top_down,tdot+delta_dot,2,,1.0,True,Solve_Succeeded,none,bisection
3,-1.4779131907469836,0.0,0.3967310943755346,0.29302464562064545,4.430684746116719,0.7934621887510692,0.11625198833608187,21.442514822844977,-4.167518823424425,-31.578129069340964,51.062052143841896,0.20622358785868133,-2.178466904306388,80.59207160745413,-0.03920998038747756,40.0,top_down,tw,1,,0.0,True,Solve_Succeeded,none,bisection
3,-1.4779131907469836,0.0,0.3967310943755346,0.29302464562064545,4.430684746116719,0.7934621887510692,0.11625198833608187,21.442514822844977,-4.167518823424425,-31.578129069340964,51.062052143841896,0.20622358785868133,-2.178466904306388,80.59207160745413,-0.03920998038747756,40.0,top_down,tw,1,,1.0,True,Solve_Succeeded,none,bisection
3,-1.4779131907469836,0.0,0.3967310943755346,0.29302464562064545,4.430684746116719,0.7934621887510692,0.11625198833608187,21.442514822844977,-4.167518823424425,-31.578129069340964,51.062052143841896,0.20622358785868133,-2.178466904306388,80.59207160745413,-0.03920998038747756,40.0,top_down,tw+delta,2,,0.0,True,Solve_Succeeded,none,bisection
3,-1.4779131907469836,0.0,0.3967310943755346,0.29302464562064545,4.430684746116719,0.7934621887510692,0.11625198833608187,21.442514822844977,-4.167518823424425,-31.578129069340964,51.062052143841896,0.20622358785868133,-2.178466904306388,80.59207160745413,-0.03920998038747756,40.0,top_down,tw+delta,2,,1.0,True,Solve_Succeeded,none,bisection
3,-1.4779131907469836,0.0,0.3967310943755346,0.29302464562064545,4.430684746116719,0.7934621887510692,0.11625198833608187,21.442514822844977,-4.167518823424425,-31.578129069340964,51.062052143841896,0.20622358785868133,-2.178466904306388,80.59207160745413,-0.03920998038747756,40.0,top_down,tw+delta+delta_dot,3,,0.0,True,Solve_Succeeded,none,bisection
3,-1.4779131907469836,0.0,0.3967310943755346,0.29302464562064545,4.430684746116719,0.7934621887510692,0.11625198833608187,21.442514822844977,-4.167518823424425,-31.578129069340964,51.062052143841896,0.20622358785868133,-2.178466904306388,80.59207160745413,-0.03920998038747756,40.0,top_down,tw+delta+delta_dot,3,,1.0,True,Solve_Succeeded,none,bisection
3,-1.4779131907469836,0.0,0.3967310943755346,0.29302464562064545,4.430684746116719,0.7934621887510692,0.11625198833608187,21.442514822844977,-4.167518823424425,-31.578129069340964,51.062052143841896,0.20622358785868133,-2.178466904306388,80.59207160745413,-0.03920998038747756,40.0,top_down,tw+delta_dot,2,,0.0,True,Solve_Succeeded,none,bisection
3,-1.4779131907469836,0.0,0.3967310943755346,0.29302464562064545,4.430684746116719,0.7934621887510692,0.11625198833608187,21.442514822844977,-4.167518823424425,-31.578129069340964,51.062052143841896,0.20622358785868133,-2.178466904306388,80.59207160745413,-0.03920998038747756,40.0,top_down,tw+delta_dot,2,,1.0,True,Solve_Succeeded,none,bisection
3,-1.4779131907469836,0.0,0.3967310943755346,0.29302464562064545,4.430684746116719,0.7934621887510692,0.11625198833608187,21.442514822844977,-4.167518823424425,-31.578129069340964,51.062052143841896,0.20622358785868133,-2.178466904306388,80.59207160745413,-0.03920998038747756,40.0,top_down,tw+tdot,2,,0.0,True,Solve_Succeeded,none,bisection
3,-1.4779131907469836,0.0,0.3967310943755346,0.29302464562064545,4.430684746116719,0.7934621887510692,0.11625198833608187,21.442514822844977,-4.167518823424425,-31.578129069340964,51.062052143841896,0.20622358785868133,-2.178466904306388,80.59207160745413,-0.03920998038747756,40.0,top_down,tw+tdot,2,,1.0,True,Solve_Succeeded,none,bisection
3,-1.4779131907469836,0.0,0.3967310943755346,0.29302464562064545,4.430684746116719,0.7934621887510692,0.11625198833608187,21.442514822844977,-4.167518823424425,-31.578129069340964,51.062052143841896,0.20622358785868133,-2.178466904306388,80.59207160745413,-0.03920998038747756,40.0,top_down,tw+tdot+delta,3,,0.0,True,Solve_Succeeded,none,bisection
3,-1.4779131907469836,0.0,0.3967310943755346,0.29302464562064545,4.430684746116719,0.7934621887510692,0.11625198833608187,21.442514822844977,-4.167518823424425,-31.578129069340964,51.062052143841896,0.20622358785868133,-2.178466904306388,80.59207160745413,-0.03920998038747756,40.0,top_down,tw+tdot+delta,3,,1.0,True,Solve_Succeeded,none,bisection
3,-1.4779131907469836,0.0,0.3967310943755346,0.29302464562064545,4.430684746116719,0.7934621887510692,0.11625198833608187,21.442514822844977,-4.167518823424425,-31.578129069340964,51.062052143841896,0.20622358785868133,-2.178466904306388,80.59207160745413,-0.03920998038747756,40.0,top_down,tw+tdot+delta+delta_dot,4,,0.0,True,Solve_Succeeded,none,bisection
3,-1.4779131907469836,0.0,0.3967310943755346,0.29302464562064545,4.430684746116719,0.7934621887510692,0.11625198833608187,21.442514822844977,-4.167518823424425,-31.578129069340964,51.062052143841896,0.20622358785868133,-2.178466904306388,80.59207160745413,-0.03920998038747756,40.0,top_down,tw+tdot+delta+delta_dot,4,,1.0,True,Solve_Succeeded,none,bisection
3,-1.4779131907469836,0.0,0.3967310943755346,0.29302464562064545,4.430684746116719,0.7934621887510692,0.11625198833608187,21.442514822844977,-4.167518823424425,-31.578129069340964,51.062052143841896,0.20622358785868133,-2.178466904306388,80.59207160745413,-0.03920998038747756,40.0,top_down,tw+tdot+delta_dot,3,,0.0,True,Solve_Succeeded,none,bisection
3,-1.4779131907469836,0.0,0.3967310943755346,0.29302464562064545,4.430684746116719,0.7934621887510692,0.11625198833608187,21.442514822844977,-4.167518823424425,-31.578129069340964,51.062052143841896,0.20622358785868133,-2.178466904306388,80.59207160745413,-0.03920998038747756,40.0,top_down,tw+tdot+delta_dot,3,,1.0,True,Solve_Succeeded,none,bisection
19,0.10630436949000943,0.0,0.4121401221934061,0.2909398478952173,5.054142914572407,0.8242802443868122,0.11990798446246585,21.59616619254744,-2.7615265099885065,-39.018331718027795,57.152117024366724,-0.6355331574526148,-0.8097457266863313,75.8449321882352,0.0871879645401252,40.0,bottom_up,delta,1,,0.0,True,Solve_Succeeded,none,bisection
19,0.10630436949000943,0.0,0.4121401221934061,0.2909398478952173,5.054142914572407,0.8242802443868122,0.11990798446246585,21.59616619254744,-2.7615265099885065,-39.018331718027795,57.152117024366724,-0.6355331574526148,-0.8097457266863313,75.8449321882352,0.0871879645401252,40.0,bottom_up,delta+delta_dot,2,,0.0,True,Solve_Succeeded,none,bisection
19,0.10630436949000943,0.0,0.4121401221934061,0.2909398478952173,5.054142914572407,0.8242802443868122,0.11990798446246585,21.59616619254744,-2.7615265099885065,-39.018331718027795,57.152117024366724,-0.6355331574526148,-0.8097457266863313,75.8449321882352,0.0871879645401252,40.0,bottom_up,delta_dot,1,,0.0,True,Solve_Succeeded,none,bisection
19,0.10630436949000943,0.0,0.4121401221934061,0.2909398478952173,5.054142914572407,0.8242802443868122,0.11990798446246585,21.59616619254744,-2.7615265099885065,-39.018331718027795,57.152117024366724,-0.6355331574526148,-0.8097457266863313,75.8449321882352,0.0871879645401252,40.0,bottom_up,tdot,1,,0.0,True,Solve_Succeeded,none,bisection
19,0.10630436949000943,0.0,0.4121401221934061,0.2909398478952173,5.054142914572407,0.8242802443868122,0.11990798446246585,21.59616619254744,-2.7615265099885065,-39.018331718027795,57.152117024366724,-0.6355331574526148,-0.8097457266863313,75.8449321882352,0.0871879645401252,40.0,bottom_up,tdot+delta,2,,0.0,True,Solve_Succeeded,none,bisection
19,0.10630436949000943,0.0,0.4121401221934061,0.2909398478952173,5.054142914572407,0.8242802443868122,0.11990798446246585,21.59616619254744,-2.7615265099885065,-39.018331718027795,57.152117024366724,-0.6355331574526148,-0.8097457266863313,75.8449321882352,0.0871879645401252,40.0,bottom_up,tdot+delta+delta_dot,3,,0.0,True,Solve_Succeeded,none,bisection
19,0.10630436949000943,0.0,0.4121401221934061,0.2909398478952173,5.054142914572407,0.8242802443868122,0.11990798446246585,21.59616619254744,-2.7615265099885065,-39.018331718027795,57.152117024366724,-0.6355331574526148,-0.8097457266863313,75.8449321882352,0.0871879645401252,40.0,bottom_up,tdot+delta_dot,2,,0.0,True,Solve_Succeeded,none,bisection
19,0.10630436949000943,0.0,0.4121401221934061,0.2909398478952173,5.054142914572407,0.8242802443868122,0.11990798446246585,21.59616619254744,-2.7615265099885065,-39.018331718027795,57.152117024366724,-0.6355331574526148,-0.8097457266863313,75.8449321882352,0.0871879645401252,40.0,bottom_up,tw,1,,0.0,True,Solve_Succeeded,none,bisection
19,0.10630436949000943,0.0,0.4121401221934061,0.2909398478952173,5.054142914572407,0.8242802443868122,0.11990798446246585,21.59616619254744,-2.7615265099885065,-39.018331718027795,57.152117024366724,-0.6355331574526148,-0.8097457266863313,75.8449321882352,0.0871879645401252,40.0,bottom_up,tw+delta,2,,0.0,True,Solve_Succeeded,none,bisection
19,0.10630436949000943,0.0,0.4121401221934061,0.2909398478952173,5.054142914572407,0.8242802443868122,0.11990798446246585,21.59616619254744,-2.7615265099885065,-39.018331718027795,57.152117024366724,-0.6355331574526148,-0.8097457266863313,75.8449321882352,0.0871879645401252,40.0,bottom_up,tw+delta+delta_dot,3,,0.0,True,Solve_Succeeded,none,bisection
19,0.10630436949000943,0.0,0.4121401221934061,0.2909398478952173,5.054142914572407,0.8242802443868122,0.11990798446246585,21.59616619254744,-2.7615265099885065,-39.018331718027795,57.152117024366724,-0.6355331574526148,-0.8097457266863313,75.8449321882352,0.0871879645401252,40.0,bottom_up,tw+delta_dot,2,,0.0,True,Solve_Succeeded,none,bisection
19,0.10630436949000943,0.0,0.4121401221934061,0.2909398478952173,5.054142914572407,0.8242802443868122,0.11990798446246585,21.59616619254744,-2.7615265099885065,-39.018331718027795,57.152117024366724,-0.6355331574526148,-0.8097457266863313,75.8449321882352,0.0871879645401252,40.0,bottom_up,tw+tdot,2,,0.0,True,Solve_Succeeded,none,bisection
19,0.10630436949000943,0.0,0.4121401221934061,0.2909398478952173,5.054142914572407,0.8242802443868122,0.11990798446246585,21.59616619254744,-2.7615265099885065,-39.018331718027795,57.152117024366724,-0.6355331574526148,-0.8097457266863313,75.8449321882352,0.0871879645401252,40.0,bottom_up,tw+tdot+delta,3,,0.0,True,Solve_Succeeded,none,bisection
19,0.10630436949000943,0.0,0.4121401221934061,0.2909398478952173,5.054142914572407,0.8242802443868122,0.11990798446246585,21.59616619254744,-2.7615265099885065,-39.018331718027795,57.152117024366724,-0.6355331574526148,-0.8097457266863313,75.8449321882352,0.0871879645401252,40.0,bottom_up,tw+tdot+delta+delta_dot,4,,0.0,True,Solve_Succeeded,none,bisection
19,0.10630436949000943,0.0,0.4121401221934061,0.2909398478952173,5.054142914572407,0.8242802443868122,0.11990798446246585,21.59616619254744,-2.7615265099885065,-39.018331718027795,57.152117024366724,-0.6355331574526148,-0.8097457266863313,75.8449321882352,0.0871879645401252,40.0,bottom_up,tw+tdot+delta_dot,3,,0.0,True,Solve_Succeeded,none,bisection
19,0.10630436949000943,0.0,0.4121401221934061,0.2909398478952173,5.054142914572407,0.8242802443868122,0.11990798446246585,21.59616619254744,-2.7615265099885065,-39.018331718027795,57.152117024366724,-0.6355331574526148,-0.8097457266863313,75.8449321882352,0.0871879645401252,40.0,top_down,delta,1,,0.0,True,Solve_Succeeded,none,bisection
19,0.10630436949000943,0.0,0.4121401221934061,0.2909398478952173,5.054142914572407,0.8242802443868122,0.11990798446246585,21.59616619254744,-2.7615265099885065,-39.018331718027795,57.152117024366724,-0.6355331574526148,-0.8097457266863313,75.8449321882352,0.0871879645401252,40.0,top_down,delta,1,,1.0,True,Solve_Succeeded,none,bisection
19,0.10630436949000943,0.0,0.4121401221934061,0.2909398478952173,5.054142914572407,0.8242802443868122,0.11990798446246585,21.59616619254744,-2.7615265099885065,-39.018331718027795,57.152117024366724,-0.6355331574526148,-0.8097457266863313,75.8449321882352,0.0871879645401252,40.0,top_down,delta+delta_dot,2,,0.0,True,Solve_Succeeded,none,bisection
19,0.10630436949000943,0.0,0.4121401221934061,0.2909398478952173,5.054142914572407,0.8242802443868122,0.11990798446246585,21.59616619254744,-2.7615265099885065,-39.018331718027795,57.152117024366724,-0.6355331574526148,-0.8097457266863313,75.8449321882352,0.0871879645401252,40.0,top_down,delta+delta_dot,2,,1.0,True,Solve_Succeeded,none,bisection
19,0.10630436949000943,0.0,0.4121401221934061,0.2909398478952173,5.054142914572407,0.8242802443868122,0.11990798446246585,21.59616619254744,-2.7615265099885065,-39.018331718027795,57.152117024366724,-0.6355331574526148,-0.8097457266863313,75.8449321882352,0.0871879645401252,40.0,top_down,delta_dot,1,,0.0,True,Solve_Succeeded,none,bisection
19,0.10630436949000943,0.0,0.4121401221934061,0.2909398478952173,5.054142914572407,0.8242802443868122,0.11990798446246585,21.59616619254744,-2.7615265099885065,-39.018331718027795,57.152117024366724,-0.6355331574526148,-0.8097457266863313,75.8449321882352,0.0871879645401252,40.0,top_down,delta_dot,1,,1.0,True,Solve_Succeeded,none,bisection
19,0.10630436949000943,0.0,0.4121401221934061,0.2909398478952173,5.054142914572407,0.8242802443868122,0.11990798446246585,21.59616619254744,-2.7615265099885065,-39.018331718027795,57.152117024366724,-0.6355331574526148,-0.8097457266863313,75.8449321882352,0.0871879645401252,40.0,top_down,tdot,1,,0.0,True,Solve_Succeeded,none,bisection
19,0.10630436949000943,0.0,0.4121401221934061,0.2909398478952173,5.054142914572407,0.8242802443868122,0.11990798446246585,21.59616619254744,-2.7615265099885065,-39.018331718027795,57.152117024366724,-0.6355331574526148,-0.8097457266863313,75.8449321882352,0.0871879645401252,40.0,top_down,tdot,1,,1.0,True,Solve_Succeeded,none,bisection
19,0.10630436949000943,0.0,0.4121401221934061,0.2909398478952173,5.054142914572407,0.8242802443868122,0.11990798446246585,21.59616619254744,-2.7615265099885065,-39.018331718027795,57.152117024366724,-0.6355331574526148,-0.8097457266863313,75.8449321882352,0.0871879645401252,40.0,top_down,tdot+delta,2,,0.0,True,Solve_Succeeded,none,bisection
19,0.10630436949000943,0.0,0.4121401221934061,0.2909398478952173,5.054142914572407,0.8242802443868122,0.11990798446246585,21.59616619254744,-2.7615265099885065,-39.018331718027795,57.152117024366724,-0.6355331574526148,-0.8097457266863313,75.8449321882352,0.0871879645401252,40.0,top_down,tdot+delta,2,,1.0,True,Solve_Succeeded,none,bisection
19,0.10630436949000943,0.0,0.4121401221934061,0.2909398478952173,5.054142914572407,0.8242802443868122,0.11990798446246585,21.59616619254744,-2.7615265099885065,-39.018331718027795,57.152117024366724,-0.6355331574526148,-0.8097457266863313,75.8449321882352,0.0871879645401252,40.0,top_down,tdot+delta+delta_dot,3,,0.0,True,Solve_Succeeded,none,bisection
19,0.10630436949000943,0.0,0.4121401221934061,0.2909398478952173,5.054142914572407,0.8242802443868122,0.11990798446246585,21.59616619254744,-2.7615265099885065,-39.018331718027795,57.152117024366724,-0.6355331574526148,-0.8097457266863313,75.8449321882352,0.0871879645401252,40.0,top_down,tdot+delta+delta_dot,3,,1.0,True,Solve_Succeeded,none,bisection
19,0.10630436949000943,0.0,0.4121401221934061,0.2909398478952173,5.054142914572407,0.8242802443868122,0.11990798446246585,21.59616619254744,-2.7615265099885065,-39.018331718027795,57.152117024366724,-0.6355331574526148,-0.8097457266863313,75.8449321882352,0.0871879645401252,40.0,top_down,tdot+delta_dot,2,,0.0,True,Solve_Succeeded,none,bisection
19,0.10630436949000943,0.0,0.4121401221934061,0.2909398478952173,5.054142914572407,0.8242802443868122,0.11990798446246585,21.59616619254744,-2.7615265099885065,-39.018331718027795,57.152117024366724,-0.6355331574526148,-0.8097457266863313,75.8449321882352,0.0871879645401252,40.0,top_down,tdot+delta_dot,2,,1.0,True,Solve_Succeeded,none,bisection
19,0.10630436949000943,0.0,0.4121401221934061,0.2909398478952173,5.054142914572407,0.8242802443868122,0.11990798446246585,21.59616619254744,-2.7615265099885065,-39.018331718027795,57.152117024366724,-0.6355331574526148,-0.8097457266863313,75.8449321882352,0.0871879645401252,40.0,top_down,tw,1,,0.0,True,Solve_Succeeded,none,bisection
19,0.10630436949000943,0.0,0.4121401221934061,0.2909398478952173,5.054142914572407,0.8242802443868122,0.11990798446246585,21.59616619254744,-2.7615265099885065,-39.018331718027795,57.152117024366724,-0.6355331574526148,-0.8097457266863313,75.8449321882352,0.0871879645401252,40.0,top_down,tw,1,,1.0,True,Solve_Succeeded,none,bisection
19,0.10630436949000943,0.0,0.4121401221934061,0.2909398478952173,5.054142914572407,0.8242802443868122,0.11990798446246585,21.59616619254744,-2.7615265099885065,-39.018331718027795,57.152117024366724,-0.6355331574526148,-0.8097457266863313,75.8449321882352,0.0871879645401252,40.0,top_down,tw+delta,2,,0.0,True,Solve_Succeeded,none,bisection
19,0.10630436949000943,0.0,0.4121401221934061,0.2909398478952173,5.054142914572407,0.8242802443868122,0.11990798446246585,21.59616619254744,-2.7615265099885065,-39.018331718027795,57.152117024366724,-0.6355331574526148,-0.8097457266863313,75.8449321882352,0.0871879645401252,40.0,top_down,tw+delta,2,,1.0,True,Solve_Succeeded,none,bisection
19,0.10630436949000943,0.0,0.4121401221934061,0.2909398478952173,5.054142914572407,0.8242802443868122,0.11990798446246585,21.59616619254744,-2.7615265099885065,-39.018331718027795,57.152117024366724,-0.6355331574526148,-0.8097457266863313,75.8449321882352,0.0871879645401252,40.0,top_down,tw+delta+delta_dot,3,,0.0,True,Solve_Succeeded,none,bisection
19,0.10630436949000943,0.0,0.4121401221934061,0.2909398478952173,5.054142914572407,0.8242802443868122,0.11990798446246585,21.59616619254744,-2.7615265099885065,-39.018331718027795,57.152117024366724,-0.6355331574526148,-0.8097457266863313,75.8449321882352,0.0871879645401252,40.0,top_down,tw+delta+delta_dot,3,,1.0,True,Solve_Succeeded,none,bisection
19,0.10630436949000943,0.0,0.4121401221934061,0.2909398478952173,5.054142914572407,0.8242802443868122,0.11990798446246585,21.59616619254744,-2.7615265099885065,-39.018331718027795,57.152117024366724,-0.6355331574526148,-0.8097457266863313,75.8449321882352,0.0871879645401252,40.0,top_down,tw+delta_dot,2,,0.0,True,Solve_Succeeded,none,bisection
19,0.10630436949000943,0.0,0.4121401221934061,0.2909398478952173,5.054142914572407,0.8242802443868122,0.11990798446246585,21.59616619254744,-2.7615265099885065,-39.018331718027795,57.152117024366724,-0.6355331574526148,-0.8097457266863313,75.8449321882352,0.0871879645401252,40.0,top_down,tw+delta_dot,2,,1.0,True,Solve_Succeeded,none,bisection
19,0.10630436949000943,0.0,0.4121401221934061,0.2909398478952173,5.054142914572407,0.8242802443868122,0.11990798446246585,21.59616619254744,-2.7615265099885065,-39.018331718027795,57.152117024366724,-0.6355331574526148,-0.8097457266863313,75.8449321882352,0.0871879645401252,40.0,top_down,tw+tdot,2,,0.0,True,Solve_Succeeded,none,bisection
19,0.10630436949000943,0.0,0.4121401221934061,0.2909398478952173,5.054142914572407,0.8242802443868122,0.11990798446246585,21.59616619254744,-2.7615265099885065,-39.018331718027795,57.152117024366724,-0.6355331574526148,-0.8097457266863313,75.8449321882352,0.0871879645401252,40.0,top_down,tw+tdot,2,,1.0,True,Solve_Succeeded,none,bisection
19,0.10630436949000943,0.0,0.4121401221934061,0.2909398478952173,5.054142914572407,0.8242802443868122,0.11990798446246585,21.59616619254744,-2.7615265099885065,-39.018331718027795,57.152117024366724,-0.6355331574526148,-0.8097457266863313,75.8449321882352,0.0871879645401252,40.0,top_down,tw+tdot+delta,3,,0.0,True,Solve_Succeeded,none,bisection
19,0.10630436949000943,0.0,0.4121401221934061,0.2909398478952173,5.054142914572407,0.8242802443868122,0.11990798446246585,21.59616619254744,-2.7615265099885065,-39.018331718027795,57.152117024366724,-0.6355331574526148,-0.8097457266863313,75.8449321882352,0.0871879645401252,40.0,top_down,tw+tdot+delta,3,,1.0,True,Solve_Succeeded,none,bisection
19,0.10630436949000943,0.0,0.4121401221934061,0.2909398478952173,5.054142914572407,0.8242802443868122,0.11990798446246585,21.59616619254744,-2.7615265099885065,-39.018331718027795,57.152117024366724,-0.6355331574526148,-0.8097457266863313,75.8449321882352,0.0871879645401252,40.0,top_down,tw+tdot+delta+delta_dot,4,,0.0,True,Solve_Succeeded,none,bisection
19,0.10630436949000943,0.0,0.4121401221934061,0.2909398478952173,5.054142914572407,0.8242802443868122,0.11990798446246585,21.59616619254744,-2.7615265099885065,-39.018331718027795,57.152117024366724,-0.6355331574526148,-0.8097457266863313,75.8449321882352,0.0871879645401252,40.0,top_down,tw+tdot+delta+delta_dot,4,,1.0,True,Solve_Succeeded,none,bisection
19,0.10630436949000943,0.0,0.4121401221934061,0.2909398478952173,5.054142914572407,0.8242802443868122,0.11990798446246585,21.59616619254744,-2.7615265099885065,-39.018331718027795,57.152117024366724,-0.6355331574526148,-0.8097457266863313,75.8449321882352,0.0871879645401252,40.0,top_down,tw+tdot+delta_dot,3,,0.0,True,Solve_Succeeded,none,bisection
19,0.10630436949000943,0.0,0.4121401221934061,0.2909398478952173,5.054142914572407,0.8242802443868122,0.11990798446246585,21.59616619254744,-2.7615265099885065,-39.018331718027795,57.152117024366724,-0.6355331574526148,-0.8097457266863313,75.8449321882352,0.0871879645401252,40.0,top_down,tw+tdot+delta_dot,3,,1.0,True,Solve_Succeeded,none,bisection
